USE [ScheduleDB]
GO
SET IDENTITY_INSERT [dbo].[Lessons] ON 

INSERT [dbo].[Lessons] ([Id], [Title]) VALUES (1, N'Programming')
INSERT [dbo].[Lessons] ([Id], [Title]) VALUES (2, N'OS')
INSERT [dbo].[Lessons] ([Id], [Title]) VALUES (3, N'Data protection')
INSERT [dbo].[Lessons] ([Id], [Title]) VALUES (4, N'Design of software systems')
INSERT [dbo].[Lessons] ([Id], [Title]) VALUES (5, N'Intelligent information systems')
INSERT [dbo].[Lessons] ([Id], [Title]) VALUES (6, N'Distributed information-analytical systems')
INSERT [dbo].[Lessons] ([Id], [Title]) VALUES (7, N'Differential equations')
INSERT [dbo].[Lessons] ([Id], [Title]) VALUES (8, N'Elements of chaotic dynamics')
INSERT [dbo].[Lessons] ([Id], [Title]) VALUES (9, N'Digital Image Processing')
INSERT [dbo].[Lessons] ([Id], [Title]) VALUES (10, N'Computer graphics')
SET IDENTITY_INSERT [dbo].[Lessons] OFF
SET IDENTITY_INSERT [dbo].[Teachers] ON 

INSERT [dbo].[Teachers] ([Id], [FirstName], [LastName], [MiddleName], [Gender], [DateOfBirth]) VALUES (1, N'Ivan', N'Gromov', N'Olegovich', N'male', CAST(N'2016-04-25 18:33:42.670' AS DateTime))
INSERT [dbo].[Teachers] ([Id], [FirstName], [LastName], [MiddleName], [Gender], [DateOfBirth]) VALUES (2, N'Vladimir', N'Rakov', N'Ivanovich', N'male', CAST(N'2016-04-25 18:33:42.670' AS DateTime))
INSERT [dbo].[Teachers] ([Id], [FirstName], [LastName], [MiddleName], [Gender], [DateOfBirth]) VALUES (3, N'Elena', N'Fomenko', N'Viktorovna', N'female', CAST(N'2016-04-25 18:33:42.670' AS DateTime))
INSERT [dbo].[Teachers] ([Id], [FirstName], [LastName], [MiddleName], [Gender], [DateOfBirth]) VALUES (4, N'Nikita', N'Zarev', N'Olegovich', N'male', CAST(N'2016-04-25 18:33:42.670' AS DateTime))
INSERT [dbo].[Teachers] ([Id], [FirstName], [LastName], [MiddleName], [Gender], [DateOfBirth]) VALUES (5, N'Oleg', N'Branev', N'Ivanovich', N'male', CAST(N'2016-04-25 18:33:42.670' AS DateTime))
SET IDENTITY_INSERT [dbo].[Teachers] OFF
SET IDENTITY_INSERT [dbo].[Form3] ON 

INSERT [dbo].[Form3] ([Id], [TeacherId], [LessonId], [LessonType], [Hours]) VALUES (1, 1, 1, 1, 10)
INSERT [dbo].[Form3] ([Id], [TeacherId], [LessonId], [LessonType], [Hours]) VALUES (2, 1, 2, 1, 1)
INSERT [dbo].[Form3] ([Id], [TeacherId], [LessonId], [LessonType], [Hours]) VALUES (3, 1, 3, 1, 1)
INSERT [dbo].[Form3] ([Id], [TeacherId], [LessonId], [LessonType], [Hours]) VALUES (4, 1, 4, 1, 1)
INSERT [dbo].[Form3] ([Id], [TeacherId], [LessonId], [LessonType], [Hours]) VALUES (5, 1, 5, 1, 1)
INSERT [dbo].[Form3] ([Id], [TeacherId], [LessonId], [LessonType], [Hours]) VALUES (6, 2, 1, 2, 1)
INSERT [dbo].[Form3] ([Id], [TeacherId], [LessonId], [LessonType], [Hours]) VALUES (7, 2, 2, 2, 1)
INSERT [dbo].[Form3] ([Id], [TeacherId], [LessonId], [LessonType], [Hours]) VALUES (8, 2, 3, 2, 1)
INSERT [dbo].[Form3] ([Id], [TeacherId], [LessonId], [LessonType], [Hours]) VALUES (9, 2, 4, 2, 1)
INSERT [dbo].[Form3] ([Id], [TeacherId], [LessonId], [LessonType], [Hours]) VALUES (10, 2, 5, 2, 1)
INSERT [dbo].[Form3] ([Id], [TeacherId], [LessonId], [LessonType], [Hours]) VALUES (11, 3, 4, 1, 1)
INSERT [dbo].[Form3] ([Id], [TeacherId], [LessonId], [LessonType], [Hours]) VALUES (12, 3, 4, 2, 1)
INSERT [dbo].[Form3] ([Id], [TeacherId], [LessonId], [LessonType], [Hours]) VALUES (13, 3, 4, 3, 1)
INSERT [dbo].[Form3] ([Id], [TeacherId], [LessonId], [LessonType], [Hours]) VALUES (14, 3, 5, 1, 1)
INSERT [dbo].[Form3] ([Id], [TeacherId], [LessonId], [LessonType], [Hours]) VALUES (15, 3, 5, 2, 1)
INSERT [dbo].[Form3] ([Id], [TeacherId], [LessonId], [LessonType], [Hours]) VALUES (16, 3, 5, 3, 1)
INSERT [dbo].[Form3] ([Id], [TeacherId], [LessonId], [LessonType], [Hours]) VALUES (17, 3, 6, 1, 1)
INSERT [dbo].[Form3] ([Id], [TeacherId], [LessonId], [LessonType], [Hours]) VALUES (18, 3, 6, 2, 1)
INSERT [dbo].[Form3] ([Id], [TeacherId], [LessonId], [LessonType], [Hours]) VALUES (19, 3, 6, 3, 1)
INSERT [dbo].[Form3] ([Id], [TeacherId], [LessonId], [LessonType], [Hours]) VALUES (20, 4, 6, 1, 1)
INSERT [dbo].[Form3] ([Id], [TeacherId], [LessonId], [LessonType], [Hours]) VALUES (21, 4, 6, 2, 1)
INSERT [dbo].[Form3] ([Id], [TeacherId], [LessonId], [LessonType], [Hours]) VALUES (22, 4, 7, 1, 1)
INSERT [dbo].[Form3] ([Id], [TeacherId], [LessonId], [LessonType], [Hours]) VALUES (23, 4, 7, 2, 1)
INSERT [dbo].[Form3] ([Id], [TeacherId], [LessonId], [LessonType], [Hours]) VALUES (24, 4, 8, 1, 1)
INSERT [dbo].[Form3] ([Id], [TeacherId], [LessonId], [LessonType], [Hours]) VALUES (25, 4, 8, 2, 1)
INSERT [dbo].[Form3] ([Id], [TeacherId], [LessonId], [LessonType], [Hours]) VALUES (26, 4, 9, 1, 1)
INSERT [dbo].[Form3] ([Id], [TeacherId], [LessonId], [LessonType], [Hours]) VALUES (27, 4, 9, 2, 1)
INSERT [dbo].[Form3] ([Id], [TeacherId], [LessonId], [LessonType], [Hours]) VALUES (28, 4, 10, 1, 1)
INSERT [dbo].[Form3] ([Id], [TeacherId], [LessonId], [LessonType], [Hours]) VALUES (29, 4, 10, 2, 1)
INSERT [dbo].[Form3] ([Id], [TeacherId], [LessonId], [LessonType], [Hours]) VALUES (30, 5, 9, 1, 1)
INSERT [dbo].[Form3] ([Id], [TeacherId], [LessonId], [LessonType], [Hours]) VALUES (31, 5, 9, 2, 1)
INSERT [dbo].[Form3] ([Id], [TeacherId], [LessonId], [LessonType], [Hours]) VALUES (32, 5, 9, 3, 1)
INSERT [dbo].[Form3] ([Id], [TeacherId], [LessonId], [LessonType], [Hours]) VALUES (33, 5, 10, 1, 1)
INSERT [dbo].[Form3] ([Id], [TeacherId], [LessonId], [LessonType], [Hours]) VALUES (34, 5, 10, 2, 1)
INSERT [dbo].[Form3] ([Id], [TeacherId], [LessonId], [LessonType], [Hours]) VALUES (35, 5, 10, 3, 1)
SET IDENTITY_INSERT [dbo].[Form3] OFF
SET IDENTITY_INSERT [dbo].[Groups_10] ON 

INSERT [dbo].[Groups_10] ([Id], [Title], [StudentsAmount], [Course]) VALUES (1, N'ПК-15-1', 33, 1)
INSERT [dbo].[Groups_10] ([Id], [Title], [StudentsAmount], [Course]) VALUES (2, N'ПК-15-2', 22, 1)
INSERT [dbo].[Groups_10] ([Id], [Title], [StudentsAmount], [Course]) VALUES (3, N'ПМ-15-1', 12, 1)
INSERT [dbo].[Groups_10] ([Id], [Title], [StudentsAmount], [Course]) VALUES (4, N'ПМ-15-2', 13, 1)
INSERT [dbo].[Groups_10] ([Id], [Title], [StudentsAmount], [Course]) VALUES (5, N'ПЗ-15-1', 24, 1)
INSERT [dbo].[Groups_10] ([Id], [Title], [StudentsAmount], [Course]) VALUES (6, N'ПЗ-15-2', 21, 1)
INSERT [dbo].[Groups_10] ([Id], [Title], [StudentsAmount], [Course]) VALUES (7, N'ПС-15-1', 13, 1)
INSERT [dbo].[Groups_10] ([Id], [Title], [StudentsAmount], [Course]) VALUES (8, N'ПС-15-2', 42, 1)
INSERT [dbo].[Groups_10] ([Id], [Title], [StudentsAmount], [Course]) VALUES (9, N'ПК-14-1', 31, 2)
INSERT [dbo].[Groups_10] ([Id], [Title], [StudentsAmount], [Course]) VALUES (10, N'ПК-14-2', 22, 2)
INSERT [dbo].[Groups_10] ([Id], [Title], [StudentsAmount], [Course]) VALUES (11, N'ПМ-14-1', 13, 2)
INSERT [dbo].[Groups_10] ([Id], [Title], [StudentsAmount], [Course]) VALUES (12, N'ПМ-14-2', 24, 2)
INSERT [dbo].[Groups_10] ([Id], [Title], [StudentsAmount], [Course]) VALUES (13, N'ПЗ-14-1', 21, 2)
INSERT [dbo].[Groups_10] ([Id], [Title], [StudentsAmount], [Course]) VALUES (14, N'ПЗ-14-2', 22, 2)
INSERT [dbo].[Groups_10] ([Id], [Title], [StudentsAmount], [Course]) VALUES (15, N'ПС-14-1', 13, 2)
INSERT [dbo].[Groups_10] ([Id], [Title], [StudentsAmount], [Course]) VALUES (16, N'ПС-14-2', 24, 2)
INSERT [dbo].[Groups_10] ([Id], [Title], [StudentsAmount], [Course]) VALUES (17, N'ПК-13-1', 20, 3)
INSERT [dbo].[Groups_10] ([Id], [Title], [StudentsAmount], [Course]) VALUES (18, N'ПК-13-2', 11, 3)
INSERT [dbo].[Groups_10] ([Id], [Title], [StudentsAmount], [Course]) VALUES (19, N'ПМ-13-1', 12, 3)
INSERT [dbo].[Groups_10] ([Id], [Title], [StudentsAmount], [Course]) VALUES (20, N'ПМ-13-2', 21, 3)
INSERT [dbo].[Groups_10] ([Id], [Title], [StudentsAmount], [Course]) VALUES (21, N'ПЗ-13-1', 14, 3)
INSERT [dbo].[Groups_10] ([Id], [Title], [StudentsAmount], [Course]) VALUES (22, N'ПЗ-13-2', 12, 3)
INSERT [dbo].[Groups_10] ([Id], [Title], [StudentsAmount], [Course]) VALUES (23, N'ПС-13-1', 15, 3)
INSERT [dbo].[Groups_10] ([Id], [Title], [StudentsAmount], [Course]) VALUES (24, N'ПС-13-2', 22, 3)
INSERT [dbo].[Groups_10] ([Id], [Title], [StudentsAmount], [Course]) VALUES (25, N'ПК-12-1', 18, 4)
INSERT [dbo].[Groups_10] ([Id], [Title], [StudentsAmount], [Course]) VALUES (26, N'ПК-12-2', 16, 4)
INSERT [dbo].[Groups_10] ([Id], [Title], [StudentsAmount], [Course]) VALUES (27, N'ПМ-12-1', 15, 4)
INSERT [dbo].[Groups_10] ([Id], [Title], [StudentsAmount], [Course]) VALUES (28, N'ПМ-12-2', 25, 4)
INSERT [dbo].[Groups_10] ([Id], [Title], [StudentsAmount], [Course]) VALUES (29, N'ПЗ-12-1', 21, 4)
INSERT [dbo].[Groups_10] ([Id], [Title], [StudentsAmount], [Course]) VALUES (30, N'ПЗ-12-2', 20, 4)
INSERT [dbo].[Groups_10] ([Id], [Title], [StudentsAmount], [Course]) VALUES (31, N'ПС-12-1', 16, 4)
INSERT [dbo].[Groups_10] ([Id], [Title], [StudentsAmount], [Course]) VALUES (32, N'ПС-12-2', 21, 4)
/*INSERT [dbo].[Groups_10] ([Id], [Title], [StudentsAmount], [Course]) VALUES (33, N'ПК-11м-1', 13, 5)
INSERT [dbo].[Groups_10] ([Id], [Title], [StudentsAmount], [Course]) VALUES (34, N'ПМ-11м-1', 10, 5)
INSERT [dbo].[Groups_10] ([Id], [Title], [StudentsAmount], [Course]) VALUES (35, N'ПЗ-11м-1', 8, 5)
INSERT [dbo].[Groups_10] ([Id], [Title], [StudentsAmount], [Course]) VALUES (36, N'ПС-11м-1', 6, 5)*/
SET IDENTITY_INSERT [dbo].[Groups_10] OFF
SET IDENTITY_INSERT [dbo].[Semesters] ON 

INSERT [dbo].[Semesters] ([Id], [StartsOn], [EndsOn]) VALUES (1, CAST(N'2016-02-01 00:00:00.000' AS DateTime), CAST(N'2016-05-01 00:00:00.000' AS DateTime))
SET IDENTITY_INSERT [dbo].[Semesters] OFF
SET IDENTITY_INSERT [dbo].[ScheduleItems] ON 

INSERT [dbo].[ScheduleItems] ([Id], [GroupId], [LessonId], [LessonType], [ClassroomId], [TeacherId], [SemesterId], [DayOfWeek], [LessonNumber], [LessonFrequency]) VALUES (1, 1, 1, 1, 1, 1, 1, N'Monday', 1, 1)
INSERT [dbo].[ScheduleItems] ([Id], [GroupId], [LessonId], [LessonType], [ClassroomId], [TeacherId], [SemesterId], [DayOfWeek], [LessonNumber], [LessonFrequency]) VALUES (2, 1, 2, 1, 4, 2, 1, N'Monday', 2, 2)
INSERT [dbo].[ScheduleItems] ([Id], [GroupId], [LessonId], [LessonType], [ClassroomId], [TeacherId], [SemesterId], [DayOfWeek], [LessonNumber], [LessonFrequency]) VALUES (3, 1, 3, 1, 3, 3, 1, N'Monday', 3, 3)
INSERT [dbo].[ScheduleItems] ([Id], [GroupId], [LessonId], [LessonType], [ClassroomId], [TeacherId], [SemesterId], [DayOfWeek], [LessonNumber], [LessonFrequency]) VALUES (4, 1, 4, 1, 4, 4, 1, N'Monday', 4, 3)
INSERT [dbo].[ScheduleItems] ([Id], [GroupId], [LessonId], [LessonType], [ClassroomId], [TeacherId], [SemesterId], [DayOfWeek], [LessonNumber], [LessonFrequency]) VALUES (5, 1, 5, 1, 4, 5, 1, N'Monday', 5, 1)
INSERT [dbo].[ScheduleItems] ([Id], [GroupId], [LessonId], [LessonType], [ClassroomId], [TeacherId], [SemesterId], [DayOfWeek], [LessonNumber], [LessonFrequency]) VALUES (6, 2, 1, 1, 1, 1, 1, N'Monday', 1, 1)
INSERT [dbo].[ScheduleItems] ([Id], [GroupId], [LessonId], [LessonType], [ClassroomId], [TeacherId], [SemesterId], [DayOfWeek], [LessonNumber], [LessonFrequency]) VALUES (7, 2, 1, 1, 1, 1, 1, N'Monday', 2, 1)
INSERT [dbo].[ScheduleItems] ([Id], [GroupId], [LessonId], [LessonType], [ClassroomId], [TeacherId], [SemesterId], [DayOfWeek], [LessonNumber], [LessonFrequency]) VALUES (8, 2, 1, 1, 1, 1, 1, N'Monday', 3, 1)
SET IDENTITY_INSERT [dbo].[ScheduleItems] OFF
INSERT [dbo].[AspNetRoles] ([Id], [Name]) VALUES (N'df24ac43-9f7b-4621-bb12-b7c03803aabd', N'Admin')
INSERT [dbo].[AspNetUsers] ([Id], [UserName], [PasswordHash], [SecurityStamp], [ScheduleAccessMode], [Discriminator]) VALUES (N'bdce7ad1-2a38-4d65-8c1b-956ca82640c0', N'admin', N'AFLwISE1jYcms6kWn2DPi2Ukt1Wsl7GseORsx/4uV3/aWVVfKuBi32Ey57wdyO7GwA==', N'db9f8892-0b0c-49bc-8af6-56fa3480a3c9', 1, N'ApplicationUser')
INSERT [dbo].[AspNetUserRoles] ([UserId], [RoleId]) VALUES (N'bdce7ad1-2a38-4d65-8c1b-956ca82640c0', N'df24ac43-9f7b-4621-bb12-b7c03803aabd')
INSERT [dbo].[__MigrationHistory] ([MigrationId], [ContextKey], [Model], [ProductVersion]) VALUES (N'201604251533406_InitialCreate', N'ScheduleApp.Models.ApplicationDbContext', 0x1F8B0800000000000400ED5D596F1C37127E5F60FFC3609E9205E2F1F1920DA404B26425C65A96E17112EC93414D5372237D4CBA7B1CEBB7EDC3FEA4FD0BCBBEC966158F6E4E1F03BF0823365964557DBC8A45D6FFFEF3DFB39FBE84C1EA334D523F8ECED7CF9E3C5DAF68B48B3D3F7A385F1FB2FBEFBE5FFFF4E3DFFF76F6CA0BBFAC7EABF3BDC8F3B192517ABEFE9465FB1F369B74F78986247D12FABB244EE3FBECC92E0E37C48B37CF9F3EFDE7E6D9B30D6524D68CD66A75F6FE10657E488B7FD8BF9771B4A3FBEC40829BD8A3415AA5B32FDB82EAEA2D0969BA273B7ABECE53BC43402FF6FB2765EEF5EA22F0096BC99606F7EB1589A23823196BE70FBFA6749B2571F4B0DDB304127C78DC5396EF9E0429ADDAFF439BDD9495A7CF7356366DC15EA258374C32365F3171648F79F30A56CFD7970149D3248E856C2CE3BFE8A390C092DE25F19E26D9E37B7A5F157EEDAD571BB1DCA65BB029C695C9EB67BFA2ECC5F3F5EAED2108C85D401B717172DD6671427FA6114D4846BD7724CB6812E53468C187547BA7AE4BC25459E453D7A8A69297AD29E49A7FD2C8ACFC6249EEED21BCA34943304B580F58AF6EC89737347AC83E9DAFD9CFF5EADAFF42BD3AA5A2FB6BE4B30EC30A65C9A153CDD9A6D5AC99BE5F47F77101EBF5EA254929C4DE5AC9C7C567E2177CD7ACBC8CE38092482310E3965EC749F8E21451F98112D66F137D956A326F689AC6911B2A12C4F9644B8ABFC48724B56CD45BF2D97F28840B366FBD7A4F83E273FAC9DF574D2CF0F1B1CE709DC4E1FB38A87153A57FDCB2C6EC72D662E0E307923CD0CCBC3195E214AD6972749B537D40DA537F851A64DC5F2A499C6287F1B37694197BC0AC557A8272BDF69334CB7F3A962D30CA90912ABAF13D2FA0A354C5E4EE399FC7E56AAE986A6FEF5FFA49F6A9AE2B4FFAE087BAA1D918E23F27F1617F8A003FC6C021D7B2CD0E797BD28B3066BB8D61D3F1653E79521B1A765AFE3D4EFE0862E29DA2B60B06BFAEAA5A12E842A6ECF0D0324600C9C72A5FBB98013E4B4B1A288FED4A4BB1EC13C9CBCB3FE8BBA68D8AE5A071EF7A4F5336BEEC8A5DFA09F6AD516654A9BF7042EDD5697E23C1E1F8CDBEA2E92EF1F7A581669A456AADC61CDDE3C30FE0F6D9F3EF8DB8B5B59DB881A19B09B53610BECEE8495ACF4E7A3E6DED60039BE6C89AB3A5211BEC86D3B9228FB7F7BF53FAC7F1F77485F0456BE610ED5E27F4CF038D768F808AB96FBD173DAD59135A56F09DF92397B55D58C039A4A50592CD7605842FD1840AA4159AFC55DD42E7EB3381BABC3C033EAB1BD8D35657F7277D1BDB9C482BEB0CEA7636B95C5A15851A00E322F45DDD4C27A6C646642738EB6D339264E96DB3943334B6C8845E459E3D195BB3E429EFE71DCDACEF9894B8F9B037917F53623BCFF5EAF31DCD42DD1EC922F57C2CDFA0CE7FB1DF07FEAE68F5AF69DEAECEF161ADDEE2A3BAABD527ECBB1D1BE4F3C34861EA873EBBE93C7C13D914ED9FE4F2BD604C58321F6B2558D474A4BD36DA854AEC01FD4752EEC7326BDB7DE01C52EF41B20DEA3C8ACE71521BF59CBF516C46EFD802FBAF38F17E21E9A7A357B6A5BB43C2B4C7D608E17E44AC17E84BDDA2BD86B106ED75A730DE19C40F7EA46F6A914DD9D43687B2A95C36DBA6E6C4F42DCD73291BDA6450B6B3CD0535B3D7F851B0DE6710C90BCB030998B5A883257FF68BB34E83127566D612FBA1AA6ED9D8C35587CDB1AB176476F4CA874DA9563D5735A5021D7C7097E86BFFB6E81179157D66E1A9A05DB7773A58154A311A66CB9C8A61B6F8A302559BCBD60C63047E8BC940DBCA1EC83F84902767B9C67F9D5E07E421E5B4C70694E091699BDF7088C2B8A1B9F1B6B1E9EDD6AB6215CF3021C94DCC4AEE9AACCFD559DF25A425FB4266B46449C1266FE33F551EA573CEC18C36BEB855AB9EAA3960F4E8438E6A33D9D4A3889978DEF869E60002DC19C060F15CB21E9E91283365F86D1CFA1161FB71539EAF682415E9C33A640319CCFD6F3EFDCB1419AF3CDF584AD76C86C00404737BC114BBF38B11B7A6C17BF58A75BD8ABC95CAC5B7B51C95AEE3AB9B4390F9B9B18A0DA6E7EB7F488D470836CBF8EE295497E233B1818CE26D7445039AD1D5C5AEBCE87149D21DF1E4C99249C31353D80A8326F9144182029D09F1A34C5E8EF8D1CEDF9340D1EE4E19433342DEA6867AF7CB15DDE7CE8E51A690BF49B5ED61B05C79534747503AB99C6D381099600B76E8ED624132A90E4657D7F8CA516C4CBCF3C457A7E5A301ACA303937AB93383492006F9CF61B0503AD3B5E010FD362D60A772C4EBD29F1FF414AD1F01800ADD98D4DEB8CECC00849AB954ED2FE91C86CB9B6355ED1F1D898B9B7311BF1A0C2C3A271BF974B0F0BEB380A3C63F87AB81F3029A1B26D54C8C804AB59E4C1A2038E04D0F4DF554ADF2AA720CC9A5CDD378E3C786E1C26669C851CE0821F81CED0480CB9BA115CD1F1B83CB9E9F11BF3E0428B25FA463244A2E957C058DD7E6ACD1D865616C3C767564523FEF8A3E3D2675E61AB50BAC63442ED186A362606C382ED0A283B9636278D1FA664A90E9B3A9D679762E01981A1E46C0A646574B8027E29A81E146E7A701BBF1969E4616F0D4397221DEC2B383A89A8F1110AAD697490350D796B1D1D97A7898A00670F7804153FA8CF483A6EC2D02540255302F644A6C8C0C4C495726F5C37E5453E1D278D0041C7C8E84CBE58F98121B53E072B1E325E7CD6D8219E822030C9AF2C64B4F68421EE46363131568E937C794903115346E29DC85A5ABBBFC23FD924922CD0B6E69D6354EA7EB55EB8C279F0B482213C914C7D81089CA854053BC340D41E56B4B9C8640B538852834BB020D89C2460A11A8CCD146C5DB1D0E4CA6FDAE21C739CA416DE21F61D1922ABDFF251AE2B4AF21C26F6E2162A2D14147ACB2BB80841A7397A1CA152297B69D1A9252F757898D1B602CC8EA285A11ABAFA02829565B1A0BB23AC0B4937E87283758758686E67E3C97851F21C063016168063DE11A2EDA11489ACD34BE6F1C896614EA0ECA225FC63C37230FC6346861019ADCB5ACF461BB6B37E168B483E760C6C157B564F6B5CE4302032AF7218E8DEE08AC1089CA6148A2E85C2C785FD0FBB328D8C0FB466FC98CD157B0F74864E9987858E0166DD9C78263A733BD2904A4F1AAE068F24B2BB75242FB95EEA01FE704ED553D2573FC3E053EBFA21189B647A98E9F870B65F4EED42EA6348281CF43714EA413D1E1C291CE407992ED82D1AD801453B4FE6CCEFC746EB874C699BED1173964F1189D16599D17012C194D59BA13A2E3880ABB292A4BCAE4E0C2E6E882E307DA0C2824A539AC4008BB96167701522D2CC48E6E61494738AA36388692926DE71C5990940B0199A00931E85A9874DD09680A24F1CF40A8258599186D8C8C0853B5A1C050588059D181B4EA9BB48D45B0F976B62903FE5409671B2432D0D90DD9EFFDE8818B1454A5ACB66598A0CBEFB6F66179C292C6669702D1799AD636356571421E68E76B7E8BD1A3C51BFE5724237724BF0B78E98552361BFB675DA5640695D5589B41EA22F9EF0A8C69FEFBF6FE1B3984526B3CFD16B0C657A4AE19B7616ED22F5E4082F60E72D9551EC2890424011EBFB98C834318E1C70B78E93680104FA34D35A754DEEBE5A99429E614EA9736791A759A4CE56CD311A6749C2169D046C52ACDB6918516A0612E8A114F844B0669B16EE4F9C5C14D75DD158AABC413BCF2F347A29B2BC1B352D8CCF484CB766491D6DFDB71D168D4AC8C8F03B50384BF32D20C52EE38BD87F37E128636DC290AA7D53A42F3A470F7681D2579C4E5D3CDA9559117784255D26C1057DB4906420EB60319600E2B7824D095515D04C09549B35148B3A31EA811C47C60A012B4E47174C28592E28970C916DD9740A4DA54734A7C34289E169F6E4EAD0EF8C453AAD3CCA908F19C84E98CFF301B245786E98138068DEE062846CA4D3FAE6034BAB1A07862DD6F16DB902A2A94B009A9D2668614F841EA9E88C1889922072F7F1C0435170A852102BB6588D3F9BA14EA8D42C143682006D1984E05311D0295A58F833F79A6B39DE3869B29AA77A079125592C51CC9475412E648FEC37C3057D88507820D0FE15450D3A14D5D7C6AB84DA418F15471A082F0704F460A5217FF3A1FF5998F84372484C591EA71099C9E4B73067F8B5658052A6ED7E2D4B8B04EE29EA149B6D501644E16BFD852E41E689489721FE7333C34FE13438706C44FC46458408B1E674868C3DB885B933AD59C521DDF86A753A7CD46C592CB841B83CC808D8996C2FC2DB54D441D9E52936845A70CAAD3A15326CE0643E2E9F3400075A3E7F45FE9C1C58F346AD48C70CFD00AE307F0DDEC6C478A2634A74333D54136AF863E67D953A831AF4B5EB4B7A9165D5708BB22F45FE18BCD7A4988AD222E99844F73383B556B6F6AE54BBD4CBC4BB3844354C097C8A1CA80A05FD67A43681CA7E772C1BC3AFB9C3AD9921660A6E1D3678983CA97D3210E80103AD6384068A8C6E02E16B03BC738954EC01A61BFA50ED983D314A2D008433A1ED26726C8706A818303C958E3C2CE12E70616F5A30A3C15ECA185E32B4EF4CBD48CEF95C3AADD105E15B21EA6732F54697C8668E32F17180DF20509F83501AE05BD1B873E6BD07B06C2DBD575B395352E79DB76B33478AB529AFF1B6FDBCAD35570C12DD8C91D6A0B36D2CAEBB6EBFA5A6659AFEAB18AE1E731CD68F824CFF064FB677019F8343F75AD33DC90C8BFA769F621FE8346E7EBE74F9F3D5FAF2E029FA4A5A3B4BD532FF5C24D9A7A82DBA31CAE0A7B037984F08F7ECEBF36AAA8657CA9D61996ABC49246B982E95F5E0C421F7D26C9EE1349BE09C9976F795A26211E39C7CF92DA9D9FD9D2E8ACA9C556C9B1B7DCC4B405FCFE168B2929F2731F50B4C71343690C856775466E4AC058E5E0A3C18BD579E96A63DD856D23A69F88B838CF3A07A35EEB5CE78018EF5DE7805CED62E78094E06257D2F35852E687BAF886C62883DE915F2AC6FA76499952D7F5ADFF585ABBBD391F4C150E638B556073D4FF7516C5158FFA692D56EDCE86DEA12AAB8C892E466EDEF1EB786B04DC8B6A0C30F4DC22F404C0903E833B332DB6D39CD45829F83F0DD897BBD887F10E4FFDA9709E4E2ED6BB82A3D3506D71BE4DCE67272424C7527B59EB6864B5FC9609D59E46C759C52B9D74162B7C27DDB9F1F31944A274F171DE5BF073F545CDDFAD478683B14E74C870B19913DD315C5004DC87406CCCD6FAAA39715AEC90C1391838D033EF61E0805C73BA36BE8E81437F331DA3CF8BCB593507F94009C541BD1E4975CB1C8F651D2E1C5317381E1F067DF7891628808FEF275367DD9CA3C81A0BD9AE898E583F7359B669AC50859DA784FB8488EF1561017DA5C1644259D9C452C09E200186AA6983182ADE8D965F441C3D38D65440C11F8F98102953C7CBD2BEB1DD7DF579E418BCC89BD34342B1F78F7A3E06747417FDE50AA70DDBAB7F8C7C4633D3B4181A6FA6B207D19CC2EE622E61AD1EB917D0381D8E13A01E7E7A79406CD55E58523D56E71C4E9AABDE727D8B0A663FEDB4362588469BD4AC01B49C50F4534F6953E267BC09CD1A40739ACFF461E49B000CBCFEC688E83E0F1C29DE0B981E49CB0AFF3EFDA67E4A208DB8C5B7C6D1D43BFD9E81DB27449214984F6EC991776C23E249FF92C6FC203520D8FA34217C15414E86067B1F1C1D780C9099DCF5B5389D996FC8F432700CA0D1A3472FC7839F0C0C8D3D0860C8FDDDA302CCB8CE85863E9FD3103635BEA618C08CF1359BF1CB3284F99C0056C530461A6418427D7110C3DE45813186DC6C770EB257E2B5F2E6265037FA5157AFD57B005D1BAD3AA47B7991FC7CEDDDC54CFDA50B83226669B796EA4057AAA14A87A8DB048357C4828748630134BBC49B7D8E44BDF9029147030776E9570666897A950ED14622A28294CDE3CBA335D559F4350A41E6A5FA84AF506D62087B4D5DE22A4EAA4CFC0CD57691EEDFD20C0EC7D7AD4CB4574895899FA1CA94413CD170F7CA68F7603568D85304D60A78483914303787883877A16AAB1E2F41D50687BB535556CD4BCA1AAB3CEA6AE1F07DCABAAB7DA3B2EE2A8FBA6E3864A7B26E4DFF68B3A86B86FB8922963D1E6019775C034F531AE6DA24696295FC88B842F01C621F4752F4A442F9320E6B0BC5999D8835C8F3471B6C5E172D5C98D8B890252A16C1290B085AE19A651CAC7A9F1607A01D8F6DC4B94217CD1A7531801D313806B8548500A0F9557E1ADE31FB28CE750E0383613E09BBAE22DEF783F8242C3B8D66DF5993894F94CF8E757771EAFB4E5763B13D46087A6BE691E535F8CCF970118C145A1E0D3CAD1405BA10469E0B752B8EF69CC061EC787E4D2D87983115064AA5FDE85E14C788123F1C17638BE28871E0870B43D8A9228F769A8BC322D0BBFCC4E4D9E6FD21CA6F8F97FF5DD1D47F6849E48F69477427D8249B3C79B0E7DA36DA69519DA5FB3816CD884732729164FE3DD965EC737EE7D58F1ED6F563DDAFC23BEABD8E6E0FD9FE90319669781708F7F97213ABAAFE229ABDD8E6B3DBE2ED94D4050BAC997E7EE1FE367A79F003AF69F73570D10B2191DB6EAB5BAAB92EB3FCB6EAC36343E96D1C1912AAC4D7989C3FD0701F3062E96DB4259F29DE36BD0C45899D5DF9E42121615AD168CBB37F19FCBCF0CB8FFF07BD828C8EE7E80000, N'6.0.0-20911')
SET IDENTITY_INSERT [dbo].[Restrictions] ON 

INSERT [dbo].[Restrictions] ([Id], [Name], [Type], [Value], [Description]) VALUES (1, N'MaxLessonsPerDayForTeachers', 1, N'3', N'Max Lessons Per Day For Teachers')
INSERT [dbo].[Restrictions] ([Id], [Name], [Type], [Value], [Description]) VALUES (2, N'MaxLessonsPerDayForStudents', 1, N'4', N'Max Lessons Per Day For Teachers')
INSERT [dbo].[Restrictions] ([Id], [Name], [Type], [Value], [Description]) VALUES (3, N'SelfStudyDaysAmount', 1, N'1', N'')
INSERT [dbo].[Restrictions] ([Id], [Name], [Type], [Value], [Description]) VALUES (4, N'SelfStudyDaysCourses', 3, N'4,5', N'')
SET IDENTITY_INSERT [dbo].[Restrictions] OFF

GO
SET IDENTITY_INSERT [dbo].[Classrooms] ON 

INSERT [dbo].[Classrooms] ([Id], [Capacity], [Type], [Number], [Available], [Discriminator]) VALUES (1, 10, 2, N'3/41', NULL, N'Classroom')
INSERT [dbo].[Classrooms] ([Id], [Capacity], [Type], [Number], [Available], [Discriminator]) VALUES (2, 10, 2, N'3/42', NULL, N'Classroom')
INSERT [dbo].[Classrooms] ([Id], [Capacity], [Type], [Number], [Available], [Discriminator]) VALUES (3, 15, 2, N'3/43', NULL, N'Classroom')
INSERT [dbo].[Classrooms] ([Id], [Capacity], [Type], [Number], [Available], [Discriminator]) VALUES (4, 15, 2, N'3/44', NULL, N'Classroom')
INSERT [dbo].[Classrooms] ([Id], [Capacity], [Type], [Number], [Available], [Discriminator]) VALUES (5, 8, 2, N'3/45', NULL, N'Classroom')
INSERT [dbo].[Classrooms] ([Id], [Capacity], [Type], [Number], [Available], [Discriminator]) VALUES (6, 8, 2, N'3/46', NULL, N'Classroom')
INSERT [dbo].[Classrooms] ([Id], [Capacity], [Type], [Number], [Available], [Discriminator]) VALUES (7, 16, 2, N'3/47', NULL, N'Classroom')
INSERT [dbo].[Classrooms] ([Id], [Capacity], [Type], [Number], [Available], [Discriminator]) VALUES (8, 16, 2, N'3/48', NULL, N'Classroom')
INSERT [dbo].[Classrooms] ([Id], [Capacity], [Type], [Number], [Available], [Discriminator]) VALUES (9, 20, 3, N'3/31', NULL, N'Classroom')
INSERT [dbo].[Classrooms] ([Id], [Capacity], [Type], [Number], [Available], [Discriminator]) VALUES (10, 20, 3, N'3/32', NULL, N'Classroom')
INSERT [dbo].[Classrooms] ([Id], [Capacity], [Type], [Number], [Available], [Discriminator]) VALUES (11, 24, 3, N'3/33', NULL, N'Classroom')
INSERT [dbo].[Classrooms] ([Id], [Capacity], [Type], [Number], [Available], [Discriminator]) VALUES (12, 28, 3, N'3/34', NULL, N'Classroom')
INSERT [dbo].[Classrooms] ([Id], [Capacity], [Type], [Number], [Available], [Discriminator]) VALUES (13, 30, 3, N'3/35', NULL, N'Classroom')
INSERT [dbo].[Classrooms] ([Id], [Capacity], [Type], [Number], [Available], [Discriminator]) VALUES (14, 30, 3, N'3/36', NULL, N'Classroom')
INSERT [dbo].[Classrooms] ([Id], [Capacity], [Type], [Number], [Available], [Discriminator]) VALUES (15, 30, 1, N'3/21', NULL, N'Classroom')
INSERT [dbo].[Classrooms] ([Id], [Capacity], [Type], [Number], [Available], [Discriminator]) VALUES (16, 35, 1, N'3/22', NULL, N'Classroom')
INSERT [dbo].[Classrooms] ([Id], [Capacity], [Type], [Number], [Available], [Discriminator]) VALUES (17, 50, 1, N'3/23', NULL, N'Classroom')
INSERT [dbo].[Classrooms] ([Id], [Capacity], [Type], [Number], [Available], [Discriminator]) VALUES (18, 60, 1, N'3/24', NULL, N'Classroom')
INSERT [dbo].[Classrooms] ([Id], [Capacity], [Type], [Number], [Available], [Discriminator]) VALUES (19, 60, 1, N'3/25', NULL, N'Classroom')
SET IDENTITY_INSERT [dbo].[Classrooms] OFF